<?xml version="1.0" encoding="utf-8"?>
<extension type="component" method="upgrade" version="1.6">
	<name>Contacts</name>
	<creationDate>2015-08-23</creationDate>
	<author></author>
	<authorEmail></authorEmail>
	<authorUrl></authorUrl>
	<copyright>Copyright (C) 2015  Open Source Matters. All rights reserved.</copyright>	
	<license></license>
	<version>1.0</version>
	<description></description>
	<installfile></installfile>
	<uninstallfile></uninstallfile>
	<install>
		<sql>
			<file driver="mysql" charset="utf8">sql/install.mysql.sql</file>
		</sql>
	</install>
	<uninstall>
		<sql>
			<file driver="mysql" charset="utf8">sql/uninstall.mysql.sql</file>
		</sql>
	</uninstall>
	<files folder="site">
			<filename>contacts.php</filename>
			<filename>controller.php</filename>
			<filename>index.html</filename>			
			<filename>router.php</filename>
			<folder>controllers</folder>
			<folder>helpers</folder>
			<folder>models</folder>
			<folder>views</folder>
			<folder>assets</folder>			
	</files>	
	<languages folder="site">
		<language tag="en-GB">language/en-GB.com_contacts.ini</language>
    	<language tag="de-DE">language/de-DE.com_contacts.ini</language>            
	</languages>
	<administration>
		<menu link="index.php?option=com_contacts">Contacts</menu>
			<submenu>
		  <menu  link="option=com_contacts&amp;view=default">Default</menu>

			</submenu>
		<files folder="admin">
			<filename>config.xml</filename>
			<filename>contacts.php</filename>
			<filename>controller.php</filename>
			<filename>index.html</filename>
			<filename>access.xml</filename>			
			<folder>assets</folder>
			<folder>elements</folder>				
			<folder>controllers</folder>
			<folder>helpers</folder>
			<folder>manifest</folder>			
			<folder>models</folder>
			<folder>sql</folder>			
			<folder>tables</folder>
			<folder>views</folder>									
		</files>	
        <languages folder="admin">
        	<language tag="en-GB">language/en-GB.com_contacts.ini</language>
            <language tag="de-DE">language/de-DE.com_contacts.ini</language>
        	<language tag="en-GB">language/en-GB.com_contacts.sys.ini</language>
            <language tag="de-DE">language/de-DE.com_contacts.sys.ini</language>                           
		</languages>		
	</administration>
</extension>